{
    "groups_age": [
        0.0,
        15.0,
        19.0,
        23.0,
        26.0,
        30.0,
        34.0,
        40.0,
        48.777777777777715
    ],
    "groups_embark": {
        "C": 1,
        "N": 3,
        "Q": 2,
        "S": 0
    },
    "groups_fare": [
        7.732844444444444,
        7.8958,
        8.6625,
        13.0,
        16.7,
        26.0,
        35.111111111111086,
        73.5
    ],
    "groups_sex": {
        "female": 1,
        "male": 0
    },
    "num_groups_age": 10,
    "num_groups_class": 3,
    "num_groups_embark": 4,
    "num_groups_fare": 10,
    "num_groups_sex": 2,
    "par_mean": 0.38159371492704824,
    "par_std": 0.8056047612452208,
    "sib_mean": 0.5230078563411896,
    "sib_std": 1.1021244350892878
}